,AQA | Mathematics - AS Level,,,,,,,,
,,,,,,,,,
,,,,,,,,,
,,,,,,,,,
,https://www.aqa.org.uk/subjects/mathematics/as-level/mathematics-7356/specification,,,,,,,,
,,,,,,,,,
,Paper 1 (100 Marks),,,Paper 2 (100 Marks),,,,,
,,,,,,,,,
,Paper,Mark Scheme,,Paper,Mark Scheme,,,,
Jun-23,https://cdn.sanity.io/files/p28bar15/green/522477bc2fc5fce56d0426c7dd5dfa1416017166.pdf,https://cdn.sanity.io/files/p28bar15/green/28c5fb592e99937884f171877c4c92f2f4196e0b.pdf,,https://cdn.sanity.io/files/p28bar15/green/60b863dbce60c59201f0997061b47da2690918a1.pdf,https://cdn.sanity.io/files/p28bar15/green/7b68feaf4f3a8cf7a8e5937f1a5a2bb71eb03c29.pdf,,,,Jun-23
Jun-22,https://cdn.sanity.io/files/p28bar15/green/7662c6deaa380ed5acbc4ec056d38c9b218f5a63.pdf,https://cdn.sanity.io/files/p28bar15/green/f81d50570dfefcb1eccf8dabe2f4213cef43a262.pdf,,https://cdn.sanity.io/files/p28bar15/green/7bf5aad2d0f844441a600fe60a2b878a2dea6e25.pdf,https://cdn.sanity.io/files/p28bar15/green/c800a9d13ffbaf3779f36a815100886a39fb30e7.pdf,,,,Jun-22
Nov-21,https://cdn.sanity.io/files/p28bar15/green/ed05a523626a561d5b827e2e45a638deafbe876d.pdf,https://cdn.sanity.io/files/p28bar15/green/245f9567af752fea9c21861ce03aa6a60c92e00f.pdf,,https://cdn.sanity.io/files/p28bar15/green/48ee25e4978e8f2951e02676aa18c9c680f56623.pdf,https://cdn.sanity.io/files/p28bar15/green/3f8e6f08b4328982b22ddc0b6a1df1adab940b57.pdf,,,,Nov-21
Nov-20,https://cdn.sanity.io/files/p28bar15/green/ed0642438318be164d4f1f6bfe234a93e4e58fb4.pdf,https://cdn.sanity.io/files/p28bar15/green/430f333e2910946581eb74cce61114f835fede41.pdf,,https://cdn.sanity.io/files/p28bar15/green/9deee9fcf426ce80c7cf78cc4044eecb6e77204f.pdf,https://cdn.sanity.io/files/p28bar15/green/a2f9a0c50c6540e5854458129ec67a3aed9207ff.pdf,,,,Nov-20
Jun-19,https://cdn.sanity.io/files/p28bar15/green/222a46d6eabd638af35ec1b23ae91b7a92a369be.pdf,https://cdn.sanity.io/files/p28bar15/green/ca1ad82ba82e9afaa25adaf439e142f80d138902.pdf,,https://cdn.sanity.io/files/p28bar15/green/77ddbc79c0a0a5771c5a4a73865af950fa5dc4f6.pdf,https://cdn.sanity.io/files/p28bar15/green/68a0718bff02ef5d269b9b3062a8cf6f58460a51.pdf,,,,Jun-19
Jun-18,https://cdn.sanity.io/files/p28bar15/green/45c33d858436ca6868beaeca3a0f63e3ce8c9ecf.pdf,https://cdn.sanity.io/files/p28bar15/green/d4533a95750b58283346c5fd7da684eca26cec48.pdf,,https://cdn.sanity.io/files/p28bar15/green/345f1b03e48b0c73925fad4d028a8f43d78657a9.pdf,https://cdn.sanity.io/files/p28bar15/green/e035fe72899167322ad1c5fdb290a5f154370dce.pdf,,,,Jun-18
