,AQA | English Language - AS Level,,,,,,,
,,,,,,,,
,,,,,,,,
,,,,,,,,
,https://www.aqa.org.uk/subjects/english/as-level/english-7701/specification,,,,,,,
,,,,,,,,
,Paper 1 - Language and the Individual (70 Marks),,,,Paper 2 - Language Varities (80 Marks),,,
,,,,,,,,
,Paper,Insert,Mark Scheme,,Paper,Insert,Mark Scheme,
Jun 2023,https://mmerevise.co.uk/app/uploads/2024/07/AQA-AS-Eng-Lang-JUN23-QP1.pdf,https://mmerevise.co.uk/app/uploads/2024/07/AQA-AS-Eng-Lang-JUN23-INS1.pdf,https://mmerevise.co.uk/app/uploads/2024/07/AQA-AS-Eng-Lang-JUN23-MS1.pdf,,https://mmerevise.co.uk/app/uploads/2024/07/AQA-AS-Eng-Lang-JUN23-QP2.pdf,N/A,https://mmerevise.co.uk/app/uploads/2024/07/AQA-AS-Eng-Lang-JUN23-MS2.pdf,Jun 2023
Jun 2022,https://mmerevise.co.uk/app/uploads/2023/08/AQA-AS-English-Language-Paper-1-June-2022.pdf,https://mmerevise.co.uk/app/uploads/2023/08/AQA-AS-English-Language-Paper-1-June-2022-Insert.pdf,https://mmerevise.co.uk/app/uploads/2023/08/AQA-AS-English-Language-Paper-1-June-2022-Mark-Scheme.pdf,,https://mmerevise.co.uk/app/uploads/2023/08/AQA-AS-English-Language-Paper-2-June-2022.pdf,N/A,https://mmerevise.co.uk/app/uploads/2023/08/AQA-AS-English-Language-Paper-2-June-2022-Mark-Scheme.pdf,Jun 2022
Nov 2021,N/A,N/A,N/A,,N/A,N/A,N/A,Nov 2021
Nov 2020,https://mmerevise.co.uk/app/uploads/2022/01/AQA-AS-Level-NOV2020-English-Language-Paper-1-QP.pdf,https://mmerevise.co.uk/app/uploads/2022/01/AQA-AS-Level-NOV2020-English-Language-Paper-1-Ins.pdf,https://mmerevise.co.uk/app/uploads/2022/01/AQA-AS-Level-NOV2020-English-Language-Paper-1-MS.pdf,,https://mmerevise.co.uk/app/uploads/2022/01/AQA-AS-Level-NOV2020-English-Language-Paper-2-QP.pdf,N/A,https://mmerevise.co.uk/app/uploads/2022/01/AQA-AS-Level-NOV2020-English-Language-Paper-2-MS.pdf,Nov 2020
Jun 2019,https://mmerevise.co.uk/app/uploads/2021/09/AQA-AS-English-Language-Paper-1-QP.pdf,https://mmerevise.co.uk/app/uploads/2021/09/AQA-AS-English-Language-Paper-1-In.pdf,https://mmerevise.co.uk/app/uploads/2021/09/AQA-AS-English-Language-Paper-1-MS.pdf,,https://mmerevise.co.uk/app/uploads/2021/09/AQA-AS-English-Language-Paper-2-QP.pdf,N/A,https://mmerevise.co.uk/app/uploads/2021/09/AQA-AS-English-Language-Paper-2-MS.pdf,Jun 2019
Jun 2018,https://edumentors.co.uk/blog/wp-content/uploads/2023/02/AQA-AS-level-English-Language-Past-Papers-Paper-1-QP-June-2018.pdf,https://edumentors.co.uk/blog/wp-content/uploads/2023/02/AQA-AS-level-English-Language-Past-Papers-Paper-1-Insert-November-2018.pdf,https://edumentors.co.uk/blog/wp-content/uploads/2023/02/AQA-AS-level-English-Language-Past-Papers-Paper-1-MS-June-2018.pdf,,https://edumentors.co.uk/blog/wp-content/uploads/2023/02/AQA-AS-level-English-Language-Past-Papers-Paper-2-QP-June-2018.pdf,N/A,https://edumentors.co.uk/blog/wp-content/uploads/2023/02/AQA-AS-level-English-Language-Past-Papers-Paper-2-MS-June-2018.pdf,Jun 2018
Jun 2017,https://mmerevise.co.uk/app/uploads/2018/12/AQA-77011-QP-JUN17.pdf,https://mmerevise.co.uk/app/uploads/2018/12/AQA-77011-INS-JUN17.pdf,https://mmerevise.co.uk/app/uploads/2018/12/AQA-77011-W-MS-JUN17.pdf,,https://mmerevise.co.uk/app/uploads/2018/12/AQA-77012-QP-JUN17.pdf,N/A,https://mmerevise.co.uk/app/uploads/2018/12/AQA-77012-W-MS-JUN17.pdf,Jun 2017