,,,,,
,OCR | Chemistry - AS Level,,,,
,,,,,
,,,,,
,,,,,
,https://www.ocr.org.uk/qualifications/as-and-a-level/chemistry-a-h032-h432-from-2015/,,,,
,,,,,
,Breadth in Chemistry (70 Marks),,,Depth in Chemistry (70 Marks),
,,,,,
,Paper,Mark Scheme,,Paper,Mark Scheme
Jun 2023,https://www.ocr.org.uk/Images/704295-question-paper-breadth-in-chemistry.pdf,https://www.ocr.org.uk/Images/704311-mark-scheme-breadth-in-chemistry.pdf,,https://www.ocr.org.uk/Images/704296-question-paper-depth-in-chemistry.pdf,https://www.ocr.org.uk/Images/704312-mark-scheme-depth-in-chemistry.pdf
Jun 2022,https://www.ocr.org.uk/Images/677408-question-paper-breadth-in-chemistry.pdf,https://www.ocr.org.uk/Images/677429-mark-scheme-breadth-in-chemistry.pdf,,https://www.ocr.org.uk/Images/677409-question-paper-depth-in-chemistry.pdf,https://www.ocr.org.uk/Images/677430-mark-scheme-depth-in-chemistry.pdf
Nov 2021,https://www.ocr.org.uk/Images/667472-question-paper-breadth-in-chemistry.pdf,https://www.ocr.org.uk/Images/667476-mark-scheme-breadth-in-chemistry.pdf,,https://www.ocr.org.uk/Images/667473-question-paper-depth-in-chemistry.pdf,https://www.ocr.org.uk/Images/667477-mark-scheme-depth-in-chemistry.pdf
Nov 2020,https://www.ocr.org.uk/Images/643854-question-paper-breadth-in-chemistry.pdf,https://www.ocr.org.uk/Images/643858-mark-scheme-breadth-in-chemistry.pdf,,https://www.ocr.org.uk/Images/643855-question-paper-depth-in-chemistry.pdf,https://www.ocr.org.uk/Images/643859-mark-scheme-depth-in-chemistry.pdf
Jun 2019,https://www.ocr.org.uk/Images/620939-question-paper-breadth-in-chemistry.pdf,https://www.ocr.org.uk/Images/620962-mark-scheme-breadth-in-chemistry.pdf,,https://www.ocr.org.uk/Images/620940-question-paper-depth-in-chemistry.pdf,https://www.ocr.org.uk/Images/620963-mark-scheme-depth-in-chemistry.pdf
Jun 2018,https://www.ocr.org.uk/Images/528501-question-paper-breadth-in-chemistry.pdf,https://www.ocr.org.uk/Images/529401-mark-scheme-breadth-in-chemistry.pdf,,https://www.ocr.org.uk/Images/528504-question-paper-depth-in-chemistry.pdf,https://www.ocr.org.uk/Images/529402-mark-scheme-depth-in-chemistry.pdf
Jun 2017,https://www.ocr.org.uk/Images/493453-question-paper-breadth-in-chemistry.pdf,https://www.ocr.org.uk/Images/498268-mark-scheme-breadth-in-chemistry.pdf,,https://www.ocr.org.uk/Images/493456-question-paper-depth-in-chemistry.pdf,https://www.ocr.org.uk/Images/498269-mark-scheme-depth-in-chemistry.pdf
Jun 2016,https://www.ocr.org.uk/Images/409011-question-paper-unit-h032-01-breadth-in-chemistry.pdf,https://www.ocr.org.uk/Images/409862-mark-scheme-unit-h032-01-breadth-in-chemistry-june.pdf,,https://www.ocr.org.uk/Images/409012-question-paper-unit-h032-02-depth-in-chemistry.pdf,https://www.ocr.org.uk/Images/409863-mark-scheme-unit-h032-02-depth-in-chemistry-june.pdf