,AQA | Geography - A Level | https://www.aqa.org.uk/subjects/geography/a-level/geography-7037/specification/specification-at-a-glance,,,,,,,,,,
,,,,,,,,,,,
,,,,,,,,,,,
,,,,,,,,,,,
,AL Geography,,,,,,,,Useful Geo Resources,,
,,,,,,,,,,,
,Paper 1 - Physical Geography (120 Marks),,,,Paper 2 - Human Geography (120 Marks),,,,Resource,,Link
,,,,,,,,,,,
,Paper,Insert,Mark Scheme,,Paper,Insert,Mark Scheme,,Internet Geography,,https://www.internetgeography.net/geography-case-studies/
Jun-23,https://filestore.aqa.org.uk/sample-papers-and-mark-schemes/2023/june/AQA-70371-QP-JUN23.PDF,https://filestore.aqa.org.uk/sample-papers-and-mark-schemes/2023/june/AQA-70371-MS-JUN23.PDF,https://filestore.aqa.org.uk/sample-papers-and-mark-schemes/2023/june/AQA-70371-INS-JUN23.PDF,,https://filestore.aqa.org.uk/sample-papers-and-mark-schemes/2023/june/AQA-70372-QP-JUN23.PDF,https://filestore.aqa.org.uk/sample-papers-and-mark-schemes/2023/june/AQA-70372-INS-JUN23-CR.PDF,https://filestore.aqa.org.uk/sample-papers-and-mark-schemes/2023/june/AQA-70372-MS-JUN23.PDF,Jun-23,,,
Jun-22,https://filestore.aqa.org.uk/sample-papers-and-mark-schemes/2022/june/AQA-70371-QP-JUN22.PDF,https://filestore.aqa.org.uk/sample-papers-and-mark-schemes/2022/june/AQA-70371-INS-JUN22-CR.PDF,https://filestore.aqa.org.uk/sample-papers-and-mark-schemes/2022/june/AQA-70371-MS-JUN22.PDF,,https://filestore.aqa.org.uk/sample-papers-and-mark-schemes/2022/june/AQA-70372-QP-JUN22.PDF,https://filestore.aqa.org.uk/sample-papers-and-mark-schemes/2022/june/AQA-70372-INS-JUN22-CR.PDF,https://filestore.aqa.org.uk/sample-papers-and-mark-schemes/2022/june/AQA-70372-MS-JUN22.PDF,Jun-22,SaveMyExams,,https://www.savemyexams.com/a-level/geography/aqa/18/topic-questions/
Jun-21,https://filestore.aqa.org.uk/sample-papers-and-mark-schemes/2021/november/AQA-70371-QP-NOV21.PDF,https://filestore.aqa.org.uk/sample-papers-and-mark-schemes/2021/november/AQA-70371-INS-NOV21-CR.PDF,https://filestore.aqa.org.uk/sample-papers-and-mark-schemes/2021/november/AQA-70371-MS-NOV21.PDF,,https://filestore.aqa.org.uk/sample-papers-and-mark-schemes/2021/november/AQA-70372-QP-NOV21-CR.PDF,https://filestore.aqa.org.uk/sample-papers-and-mark-schemes/2021/november/AQA-70372-INS-NOV21-CR.PDF,https://filestore.aqa.org.uk/sample-papers-and-mark-schemes/2021/november/AQA-70372-MS-NOV21.PDF,Jun-21,,,
Jun-20,https://filestore.aqa.org.uk/sample-papers-and-mark-schemes/2020/november/AQA-70371-QP-NOV20.PDF,https://filestore.aqa.org.uk/sample-papers-and-mark-schemes/2020/november/AQA-70371-INS-NOV20-CR.PDF,https://filestore.aqa.org.uk/sample-papers-and-mark-schemes/2020/november/AQA-70371-W-MS-NOV20.PDF,,https://filestore.aqa.org.uk/sample-papers-and-mark-schemes/2020/november/AQA-70372-QP-NOV20.PDF,https://filestore.aqa.org.uk/sample-papers-and-mark-schemes/2020/november/AQA-70372-INS-NOV20-CR.PDF,https://filestore.aqa.org.uk/sample-papers-and-mark-schemes/2020/november/AQA-70372-W-MS-NOV20.PDF,Jun-20,N/A,,N/A
Jun-19,https://examoo.s3.eu-west-2.amazonaws.com/papers/uk/a-level/geography/aqa/1/19-jun/qp.PDF,https://examoo.s3.eu-west-2.amazonaws.com/papers/uk/a-level/geography/aqa/1/19-jun/ins.PDF,https://examoo.s3.eu-west-2.amazonaws.com/papers/uk/a-level/geography/aqa/1/19-jun/ms.PDF,,https://examoo.s3.eu-west-2.amazonaws.com/papers/uk/a-level/geography/aqa/2/19-jun/qp.PDF,https://examoo.s3.eu-west-2.amazonaws.com/papers/uk/a-level/geography/aqa/2/19-jun/ins.PDF,https://examoo.s3.eu-west-2.amazonaws.com/papers/uk/a-level/geography/aqa/2/19-jun/ms.PDF,Jun-19,,,
Jun-18,https://examoo.s3.eu-west-2.amazonaws.com/papers/uk/a-level/geography/aqa/1/18-jun/qp.PDF,https://examoo.s3.eu-west-2.amazonaws.com/papers/uk/a-level/geography/aqa/1/18-jun/ins.PDF,https://examoo.s3.eu-west-2.amazonaws.com/papers/uk/a-level/geography/aqa/1/18-jun/ms.PDF,,https://examoo.s3.eu-west-2.amazonaws.com/papers/uk/a-level/geography/aqa/2/18-jun/qp.PDF,https://examoo.s3.eu-west-2.amazonaws.com/papers/uk/a-level/geography/aqa/2/18-jun/ins.PDF,https://examoo.s3.eu-west-2.amazonaws.com/papers/uk/a-level/geography/aqa/2/18-jun/ms.PDF,Jun-18,N/A,,N/A
,,,,,,,,,,,
,,,,,,,,,N/A,,N/A
